"beta_hat","beta","gamma","sigma","distribution","g","r"
-1.11448375224581,0.05,0.5,0.5,"normal",4,262
0.493754219156976,0.05,0.5,0.5,"normal",4,262
-0.62337093087164,0.05,0.5,0.5,"normal",4,262
0.577951261460184,0.05,0.5,0.5,"normal",4,262
0.194262924759355,0.05,0.5,0.5,"normal",4,262
0.711113266482074,0.05,0.5,0.5,"normal",4,262
0.124170906781188,0.05,0.5,0.5,"normal",4,262
-0.361035351070748,0.05,0.5,0.5,"normal",4,262
0.103815997274711,0.05,0.5,0.5,"normal",4,262
-0.776801743663244,0.05,0.5,0.5,"normal",4,262
0.132080048603837,0.05,0.5,0.5,"normal",4,262
-0.736742612051326,0.05,0.5,0.5,"normal",4,262
-0.16365153700411,0.05,0.5,0.5,"normal",4,262
0.467397464126595,0.05,0.5,0.5,"normal",4,262
1.00919892043186,0.05,0.5,0.5,"normal",4,262
0.0287878166476724,0.05,0.5,0.5,"normal",4,262
-0.420878613070474,0.05,0.5,0.5,"normal",4,262
0.604324972211595,0.05,0.5,0.5,"normal",4,262
-0.140548466239845,0.05,0.5,0.5,"normal",4,262
0.369900050126787,0.05,0.5,0.5,"normal",4,262
-0.0225071636875817,0.05,0.5,0.5,"normal",4,262
0.306270005353672,0.05,0.5,0.5,"normal",4,262
0.176923522609418,0.05,0.5,0.5,"normal",4,262
0.321965713892676,0.05,0.5,0.5,"normal",4,262
-0.276548723500357,0.05,0.5,0.5,"normal",4,262
0.0250237902847268,0.05,0.5,0.5,"normal",4,262
0.00942051561652954,0.05,0.5,0.5,"normal",4,262
-0.406694943540199,0.05,0.5,0.5,"normal",4,262
-0.71951083741907,0.05,0.5,0.5,"normal",4,262
-0.0816905287484272,0.05,0.5,0.5,"normal",4,262
0.0278574903972291,0.05,0.5,0.5,"normal",6,174
-0.541045725773827,0.05,0.5,0.5,"normal",6,174
-0.224064192233807,0.05,0.5,0.5,"normal",6,174
0.251528232995937,0.05,0.5,0.5,"normal",6,174
-0.0858172471335625,0.05,0.5,0.5,"normal",6,174
-0.522976718756717,0.05,0.5,0.5,"normal",6,174
-0.438673718083073,0.05,0.5,0.5,"normal",6,174
-0.0558852391965276,0.05,0.5,0.5,"normal",6,174
0.0403908475601189,0.05,0.5,0.5,"normal",6,174
-0.848852166678057,0.05,0.5,0.5,"normal",6,174
0.703425942655531,0.05,0.5,0.5,"normal",6,174
0.0560488707272317,0.05,0.5,0.5,"normal",6,174
0.724022582467536,0.05,0.5,0.5,"normal",6,174
-0.0248555894509679,0.05,0.5,0.5,"normal",6,174
-0.0381270744210394,0.05,0.5,0.5,"normal",6,174
-0.708864238777032,0.05,0.5,0.5,"normal",6,174
-0.0146726181202397,0.05,0.5,0.5,"normal",6,174
0.241282479014432,0.05,0.5,0.5,"normal",6,174
0.547127302058155,0.05,0.5,0.5,"normal",6,174
-0.272693657519914,0.05,0.5,0.5,"normal",6,174
0.336211978261861,0.05,0.5,0.5,"normal",6,174
0.350611455991194,0.05,0.5,0.5,"normal",6,174
-0.0359218211676654,0.05,0.5,0.5,"normal",6,174
-0.322314440847399,0.05,0.5,0.5,"normal",6,174
0.453613600196783,0.05,0.5,0.5,"normal",6,174
0.0183704012281537,0.05,0.5,0.5,"normal",6,174
0.191802695892322,0.05,0.5,0.5,"normal",6,174
0.343675456218367,0.05,0.5,0.5,"normal",6,174
-0.539501793449767,0.05,0.5,0.5,"normal",6,174
0.131760556703366,0.05,0.5,0.5,"normal",6,174
-0.228331260987176,0.05,0.5,0.5,"normal",8,130
-0.356034568940783,0.05,0.5,0.5,"normal",8,130
0.379375188392159,0.05,0.5,0.5,"normal",8,130
0.538383510125036,0.05,0.5,0.5,"normal",8,130
-0.0307947048910378,0.05,0.5,0.5,"normal",8,130
0.390461159138799,0.05,0.5,0.5,"normal",8,130
-0.243890872903041,0.05,0.5,0.5,"normal",8,130
-0.00870859873869178,0.05,0.5,0.5,"normal",8,130
-0.365625329753516,0.05,0.5,0.5,"normal",8,130
0.127430728346342,0.05,0.5,0.5,"normal",8,130
-0.328805505030594,0.05,0.5,0.5,"normal",8,130
1.0817812062857,0.05,0.5,0.5,"normal",8,130
0.392261220184437,0.05,0.5,0.5,"normal",8,130
-0.275461286801702,0.05,0.5,0.5,"normal",8,130
0.453495070692815,0.05,0.5,0.5,"normal",8,130
0.160148580041025,0.05,0.5,0.5,"normal",8,130
0.844146711241062,0.05,0.5,0.5,"normal",8,130
0.936820742111437,0.05,0.5,0.5,"normal",8,130
0.722237343814236,0.05,0.5,0.5,"normal",8,130
-0.173918995538105,0.05,0.5,0.5,"normal",8,130
-0.273585048446552,0.05,0.5,0.5,"normal",8,130
0.213422045977876,0.05,0.5,0.5,"normal",8,130
-0.703433875917996,0.05,0.5,0.5,"normal",8,130
0.137309512696379,0.05,0.5,0.5,"normal",8,130
-0.734979998328738,0.05,0.5,0.5,"normal",8,130
0.102935960975231,0.05,0.5,0.5,"normal",8,130
0.993684116589053,0.05,0.5,0.5,"normal",8,130
0.157376332732653,0.05,0.5,0.5,"normal",8,130
-0.0568462848567382,0.05,0.5,0.5,"normal",8,130
-0.0323832697692929,0.05,0.5,0.5,"normal",8,130
-0.338681608522408,0.05,0.5,0.5,"normal",10,104
-0.0892394583479746,0.05,0.5,0.5,"normal",10,104
0.754122700352733,0.05,0.5,0.5,"normal",10,104
0.00146520173602375,0.05,0.5,0.5,"normal",10,104
0.471240617910747,0.05,0.5,0.5,"normal",10,104
-0.351737963270442,0.05,0.5,0.5,"normal",10,104
0.463238624414417,0.05,0.5,0.5,"normal",10,104
0.0304750206806221,0.05,0.5,0.5,"normal",10,104
0.320087546299365,0.05,0.5,0.5,"normal",10,104
0.0829232622226747,0.05,0.5,0.5,"normal",10,104
0.456265735089932,0.05,0.5,0.5,"normal",10,104
-0.220254048769776,0.05,0.5,0.5,"normal",10,104
-0.401799709670426,0.05,0.5,0.5,"normal",10,104
0.227407618878284,0.05,0.5,0.5,"normal",10,104
0.234407075337686,0.05,0.5,0.5,"normal",10,104
0.0255535537115876,0.05,0.5,0.5,"normal",10,104
-0.323958045139541,0.05,0.5,0.5,"normal",10,104
-0.475314870402538,0.05,0.5,0.5,"normal",10,104
0.192190957218473,0.05,0.5,0.5,"normal",10,104
-0.15682671671133,0.05,0.5,0.5,"normal",10,104
0.0529143942788378,0.05,0.5,0.5,"normal",10,104
-0.140239971897145,0.05,0.5,0.5,"normal",10,104
-0.017766300568091,0.05,0.5,0.5,"normal",10,104
0.488732824489759,0.05,0.5,0.5,"normal",10,104
-0.126244851219811,0.05,0.5,0.5,"normal",10,104
0.292580279433247,0.05,0.5,0.5,"normal",10,104
0.192448977534891,0.05,0.5,0.5,"normal",10,104
0.430337959130194,0.05,0.5,0.5,"normal",10,104
-0.417306297028946,0.05,0.5,0.5,"normal",10,104
-0.0970526981732438,0.05,0.5,0.5,"normal",10,104
0.577281615904432,0.05,0.5,0.5,"normal",12,86
-0.148205444613346,0.05,0.5,0.5,"normal",12,86
0.38366824376227,0.05,0.5,0.5,"normal",12,86
-0.0569857713775479,0.05,0.5,0.5,"normal",12,86
0.0681389398474742,0.05,0.5,0.5,"normal",12,86
0.0843390488743842,0.05,0.5,0.5,"normal",12,86
-0.061824084917235,0.05,0.5,0.5,"normal",12,86
-0.461243295858788,0.05,0.5,0.5,"normal",12,86
-0.15529071131092,0.05,0.5,0.5,"normal",12,86
-0.130966008430081,0.05,0.5,0.5,"normal",12,86
-0.245017812361172,0.05,0.5,0.5,"normal",12,86
0.2721999238898,0.05,0.5,0.5,"normal",12,86
-0.205798603164424,0.05,0.5,0.5,"normal",12,86
0.000690365285965781,0.05,0.5,0.5,"normal",12,86
0.0412107463815051,0.05,0.5,0.5,"normal",12,86
0.422745789073467,0.05,0.5,0.5,"normal",12,86
0.451178209494562,0.05,0.5,0.5,"normal",12,86
0.300893967554486,0.05,0.5,0.5,"normal",12,86
0.351122951047721,0.05,0.5,0.5,"normal",12,86
-0.360378790247394,0.05,0.5,0.5,"normal",12,86
-0.24672043501995,0.05,0.5,0.5,"normal",12,86
-0.00816248381185431,0.05,0.5,0.5,"normal",12,86
-0.291025930912657,0.05,0.5,0.5,"normal",12,86
-0.146531174332063,0.05,0.5,0.5,"normal",12,86
0.0693706546509361,0.05,0.5,0.5,"normal",12,86
-0.368306334964008,0.05,0.5,0.5,"normal",12,86
-0.420723922649355,0.05,0.5,0.5,"normal",12,86
0.749933148226019,0.05,0.5,0.5,"normal",12,86
0.393419303099126,0.05,0.5,0.5,"normal",12,86
0.334904370105831,0.05,0.5,0.5,"normal",12,86
0.0931516323705629,0.05,0.5,0.5,"normal",14,74
-0.127791653942796,0.05,0.5,0.5,"normal",14,74
0.373084559408303,0.05,0.5,0.5,"normal",14,74
0.0462510197409569,0.05,0.5,0.5,"normal",14,74
-0.177236603306434,0.05,0.5,0.5,"normal",14,74
0.20449868777622,0.05,0.5,0.5,"normal",14,74
0.270542021751989,0.05,0.5,0.5,"normal",14,74
0.00400717476400961,0.05,0.5,0.5,"normal",14,74
-0.300996630018369,0.05,0.5,0.5,"normal",14,74
-0.0202759022421353,0.05,0.5,0.5,"normal",14,74
0.321690499442554,0.05,0.5,0.5,"normal",14,74
-0.00904221344134071,0.05,0.5,0.5,"normal",14,74
0.152825673968446,0.05,0.5,0.5,"normal",14,74
0.176541159480114,0.05,0.5,0.5,"normal",14,74
-0.224531815684108,0.05,0.5,0.5,"normal",14,74
0.0918487115799529,0.05,0.5,0.5,"normal",14,74
-0.0163730285612468,0.05,0.5,0.5,"normal",14,74
-0.0342856352265379,0.05,0.5,0.5,"normal",14,74
-0.468079750148876,0.05,0.5,0.5,"normal",14,74
0.165927518189421,0.05,0.5,0.5,"normal",14,74
-0.356570231901759,0.05,0.5,0.5,"normal",14,74
-0.0391534712124015,0.05,0.5,0.5,"normal",14,74
-0.0038337148339844,0.05,0.5,0.5,"normal",14,74
0.245450382261857,0.05,0.5,0.5,"normal",14,74
-0.0663610950275838,0.05,0.5,0.5,"normal",14,74
0.208482376410232,0.05,0.5,0.5,"normal",14,74
0.138929294298904,0.05,0.5,0.5,"normal",14,74
-0.226629602459207,0.05,0.5,0.5,"normal",14,74
0.583395146373376,0.05,0.5,0.5,"normal",14,74
0.090538604115138,0.05,0.5,0.5,"normal",14,74
0.360835181382935,0.05,0.5,0.5,"normal",16,64
0.0717566101978402,0.05,0.5,0.5,"normal",16,64
0.00772736679821739,0.05,0.5,0.5,"normal",16,64
0.584268676783556,0.05,0.5,0.5,"normal",16,64
-0.07023983936022,0.05,0.5,0.5,"normal",16,64
-0.237521791447445,0.05,0.5,0.5,"normal",16,64
-0.140909282663869,0.05,0.5,0.5,"normal",16,64
0.125311330140498,0.05,0.5,0.5,"normal",16,64
-0.468639305915822,0.05,0.5,0.5,"normal",16,64
0.0480580962299561,0.05,0.5,0.5,"normal",16,64
0.283623239818403,0.05,0.5,0.5,"normal",16,64
0.0267173454477476,0.05,0.5,0.5,"normal",16,64
0.0232744312638793,0.05,0.5,0.5,"normal",16,64
-0.192236644953987,0.05,0.5,0.5,"normal",16,64
0.032328769144074,0.05,0.5,0.5,"normal",16,64
-0.00253355471242648,0.05,0.5,0.5,"normal",16,64
-0.109660360456948,0.05,0.5,0.5,"normal",16,64
0.378623867307495,0.05,0.5,0.5,"normal",16,64
-0.152761799922712,0.05,0.5,0.5,"normal",16,64
0.340175054194025,0.05,0.5,0.5,"normal",16,64
0.387319493813458,0.05,0.5,0.5,"normal",16,64
-0.250608867994599,0.05,0.5,0.5,"normal",16,64
0.0942308826221722,0.05,0.5,0.5,"normal",16,64
0.501115410722713,0.05,0.5,0.5,"normal",16,64
-0.10748538359753,0.05,0.5,0.5,"normal",16,64
0.0204914125754355,0.05,0.5,0.5,"normal",16,64
0.338029517503316,0.05,0.5,0.5,"normal",16,64
0.13212424077341,0.05,0.5,0.5,"normal",16,64
-0.409258709691151,0.05,0.5,0.5,"normal",16,64
-0.0348532765060954,0.05,0.5,0.5,"normal",16,64
0.123017301351822,0.05,0.5,0.5,"normal",18,57
-0.380556372292003,0.05,0.5,0.5,"normal",18,57
-0.229202469557657,0.05,0.5,0.5,"normal",18,57
-0.0830198977118097,0.05,0.5,0.5,"normal",18,57
-0.00851086881286623,0.05,0.5,0.5,"normal",18,57
-0.0213941610976618,0.05,0.5,0.5,"normal",18,57
0.0621515774520808,0.05,0.5,0.5,"normal",18,57
0.0578389381274034,0.05,0.5,0.5,"normal",18,57
0.196815922368045,0.05,0.5,0.5,"normal",18,57
0.0657906144013499,0.05,0.5,0.5,"normal",18,57
0.316766890581443,0.05,0.5,0.5,"normal",18,57
-0.186836606539148,0.05,0.5,0.5,"normal",18,57
-0.163362212364678,0.05,0.5,0.5,"normal",18,57
0.17008423242606,0.05,0.5,0.5,"normal",18,57
-0.119622355846949,0.05,0.5,0.5,"normal",18,57
-0.0549358003966138,0.05,0.5,0.5,"normal",18,57
-0.048027064942011,0.05,0.5,0.5,"normal",18,57
-0.297553245625498,0.05,0.5,0.5,"normal",18,57
0.150160190184616,0.05,0.5,0.5,"normal",18,57
-0.0532074753097632,0.05,0.5,0.5,"normal",18,57
0.118978844535043,0.05,0.5,0.5,"normal",18,57
0.107486588248364,0.05,0.5,0.5,"normal",18,57
-0.194681479806998,0.05,0.5,0.5,"normal",18,57
0.0170070570562392,0.05,0.5,0.5,"normal",18,57
-0.107811598583874,0.05,0.5,0.5,"normal",18,57
0.565010721609532,0.05,0.5,0.5,"normal",18,57
0.14519195181153,0.05,0.5,0.5,"normal",18,57
0.111126562175165,0.05,0.5,0.5,"normal",18,57
0.0408884800810428,0.05,0.5,0.5,"normal",18,57
0.125397500386072,0.05,0.5,0.5,"normal",18,57
-0.0374602655372378,0.05,0.5,0.5,"normal",20,51
0.16677965348695,0.05,0.5,0.5,"normal",20,51
0.108625356939598,0.05,0.5,0.5,"normal",20,51
0.0181316018477138,0.05,0.5,0.5,"normal",20,51
-0.146843991776664,0.05,0.5,0.5,"normal",20,51
0.075598522027563,0.05,0.5,0.5,"normal",20,51
0.315790543414194,0.05,0.5,0.5,"normal",20,51
-0.472711540030191,0.05,0.5,0.5,"normal",20,51
0.1745760032306,0.05,0.5,0.5,"normal",20,51
0.398018205385538,0.05,0.5,0.5,"normal",20,51
0.434577938386717,0.05,0.5,0.5,"normal",20,51
0.00997969385890277,0.05,0.5,0.5,"normal",20,51
-0.34095128776051,0.05,0.5,0.5,"normal",20,51
-0.280011015713134,0.05,0.5,0.5,"normal",20,51
-0.300735158920246,0.05,0.5,0.5,"normal",20,51
-0.231422641082846,0.05,0.5,0.5,"normal",20,51
0.30210995652871,0.05,0.5,0.5,"normal",20,51
-0.0125552318417695,0.05,0.5,0.5,"normal",20,51
0.0412546870494688,0.05,0.5,0.5,"normal",20,51
0.00930881135511393,0.05,0.5,0.5,"normal",20,51
-0.115919448645848,0.05,0.5,0.5,"normal",20,51
0.38974311946209,0.05,0.5,0.5,"normal",20,51
0.528869375858278,0.05,0.5,0.5,"normal",20,51
0.451678051799991,0.05,0.5,0.5,"normal",20,51
0.0802034027565977,0.05,0.5,0.5,"normal",20,51
-0.356204834259535,0.05,0.5,0.5,"normal",20,51
-0.244176697788965,0.05,0.5,0.5,"normal",20,51
-0.182409047762768,0.05,0.5,0.5,"normal",20,51
-0.0100770446981887,0.05,0.5,0.5,"normal",20,51
-0.399895786793742,0.05,0.5,0.5,"normal",20,51
-0.275856421868406,0.05,0.5,0.5,"normal",22,46
0.0685786904602595,0.05,0.5,0.5,"normal",22,46
-0.103113208784557,0.05,0.5,0.5,"normal",22,46
0.0232170122846578,0.05,0.5,0.5,"normal",22,46
0.0453155831992783,0.05,0.5,0.5,"normal",22,46
-0.151299934401169,0.05,0.5,0.5,"normal",22,46
-0.138064481574462,0.05,0.5,0.5,"normal",22,46
0.175093749771394,0.05,0.5,0.5,"normal",22,46
0.243863392678805,0.05,0.5,0.5,"normal",22,46
-0.187083522311104,0.05,0.5,0.5,"normal",22,46
0.0123166784322027,0.05,0.5,0.5,"normal",22,46
0.245068751097224,0.05,0.5,0.5,"normal",22,46
0.0595038422889303,0.05,0.5,0.5,"normal",22,46
-0.0673013571122095,0.05,0.5,0.5,"normal",22,46
-0.090407525470023,0.05,0.5,0.5,"normal",22,46
-0.00123207654228274,0.05,0.5,0.5,"normal",22,46
0.337414827292376,0.05,0.5,0.5,"normal",22,46
0.0732665919779873,0.05,0.5,0.5,"normal",22,46
0.0152250094811388,0.05,0.5,0.5,"normal",22,46
-0.218713525787419,0.05,0.5,0.5,"normal",22,46
-0.326897953489822,0.05,0.5,0.5,"normal",22,46
0.143562761021574,0.05,0.5,0.5,"normal",22,46
0.0472744709112201,0.05,0.5,0.5,"normal",22,46
0.126495288561831,0.05,0.5,0.5,"normal",22,46
-0.120091772293122,0.05,0.5,0.5,"normal",22,46
-0.0122108849806864,0.05,0.5,0.5,"normal",22,46
-0.20759967140281,0.05,0.5,0.5,"normal",22,46
0.161050731011943,0.05,0.5,0.5,"normal",22,46
0.0049402562207065,0.05,0.5,0.5,"normal",22,46
-0.0805096811020196,0.05,0.5,0.5,"normal",22,46
-0.000193164334450629,0.05,0.5,0.5,"normal",24,42
0.302853046827843,0.05,0.5,0.5,"normal",24,42
0.181162230410582,0.05,0.5,0.5,"normal",24,42
-0.0439421072577918,0.05,0.5,0.5,"normal",24,42
0.01986793870392,0.05,0.5,0.5,"normal",24,42
-0.170193555814092,0.05,0.5,0.5,"normal",24,42
0.0388334817934223,0.05,0.5,0.5,"normal",24,42
0.352153714730774,0.05,0.5,0.5,"normal",24,42
-0.361224036221292,0.05,0.5,0.5,"normal",24,42
-0.0207841922202518,0.05,0.5,0.5,"normal",24,42
-0.0192268614001034,0.05,0.5,0.5,"normal",24,42
0.0014361032349362,0.05,0.5,0.5,"normal",24,42
-0.393121656204105,0.05,0.5,0.5,"normal",24,42
0.017570800779677,0.05,0.5,0.5,"normal",24,42
0.116914283735225,0.05,0.5,0.5,"normal",24,42
0.0895809263215824,0.05,0.5,0.5,"normal",24,42
-0.21879018376032,0.05,0.5,0.5,"normal",24,42
0.508734841238393,0.05,0.5,0.5,"normal",24,42
0.145865729322429,0.05,0.5,0.5,"normal",24,42
0.102070678598,0.05,0.5,0.5,"normal",24,42
-0.254905325679809,0.05,0.5,0.5,"normal",24,42
0.198439143569096,0.05,0.5,0.5,"normal",24,42
0.27898440339207,0.05,0.5,0.5,"normal",24,42
0.0553484210682082,0.05,0.5,0.5,"normal",24,42
0.278959829141392,0.05,0.5,0.5,"normal",24,42
0.129596828077771,0.05,0.5,0.5,"normal",24,42
-0.0510875559247314,0.05,0.5,0.5,"normal",24,42
-0.00915249553823949,0.05,0.5,0.5,"normal",24,42
0.0844592981021056,0.05,0.5,0.5,"normal",24,42
0.045832401150084,0.05,0.5,0.5,"normal",24,42
0.0888804067888984,0.05,0.5,0.5,"normal",26,39
-0.118612910937435,0.05,0.5,0.5,"normal",26,39
0.0394932830986761,0.05,0.5,0.5,"normal",26,39
0.325918262795811,0.05,0.5,0.5,"normal",26,39
-0.139039373282603,0.05,0.5,0.5,"normal",26,39
0.101649248305964,0.05,0.5,0.5,"normal",26,39
-0.0398297362901828,0.05,0.5,0.5,"normal",26,39
0.171917007700191,0.05,0.5,0.5,"normal",26,39
0.0890456673409531,0.05,0.5,0.5,"normal",26,39
0.320339616755452,0.05,0.5,0.5,"normal",26,39
0.0556830591109029,0.05,0.5,0.5,"normal",26,39
0.129412702225382,0.05,0.5,0.5,"normal",26,39
-0.443328186742923,0.05,0.5,0.5,"normal",26,39
0.274663248336463,0.05,0.5,0.5,"normal",26,39
0.208818373219887,0.05,0.5,0.5,"normal",26,39
0.318351836249437,0.05,0.5,0.5,"normal",26,39
0.171248024381829,0.05,0.5,0.5,"normal",26,39
-0.184582881425227,0.05,0.5,0.5,"normal",26,39
-0.118147729181699,0.05,0.5,0.5,"normal",26,39
-0.235416207182963,0.05,0.5,0.5,"normal",26,39
0.270097037540847,0.05,0.5,0.5,"normal",26,39
-0.243045021372407,0.05,0.5,0.5,"normal",26,39
-0.0111327345244983,0.05,0.5,0.5,"normal",26,39
-0.136503565105735,0.05,0.5,0.5,"normal",26,39
0.0163799649581957,0.05,0.5,0.5,"normal",26,39
0.559212991496476,0.05,0.5,0.5,"normal",26,39
0.00103683514506708,0.05,0.5,0.5,"normal",26,39
-0.208564952450712,0.05,0.5,0.5,"normal",26,39
-0.116226062749968,0.05,0.5,0.5,"normal",26,39
-0.105652559742568,0.05,0.5,0.5,"normal",26,39
0.101789642605435,0.05,0.5,0.5,"normal",28,36
0.0806872983518353,0.05,0.5,0.5,"normal",28,36
0.0296283162066556,0.05,0.5,0.5,"normal",28,36
0.0884228830886027,0.05,0.5,0.5,"normal",28,36
0.274492502189388,0.05,0.5,0.5,"normal",28,36
0.22277271395873,0.05,0.5,0.5,"normal",28,36
0.0397715461360624,0.05,0.5,0.5,"normal",28,36
-0.0151107750410281,0.05,0.5,0.5,"normal",28,36
0.229773423551161,0.05,0.5,0.5,"normal",28,36
-0.118604633234087,0.05,0.5,0.5,"normal",28,36
0.51428176794666,0.05,0.5,0.5,"normal",28,36
-0.0470442937998478,0.05,0.5,0.5,"normal",28,36
-0.0276117431201719,0.05,0.5,0.5,"normal",28,36
0.0578044975021082,0.05,0.5,0.5,"normal",28,36
-0.0153677145946004,0.05,0.5,0.5,"normal",28,36
-0.176539204177085,0.05,0.5,0.5,"normal",28,36
-0.205571787236495,0.05,0.5,0.5,"normal",28,36
0.407996440140852,0.05,0.5,0.5,"normal",28,36
-0.00408516981501792,0.05,0.5,0.5,"normal",28,36
0.284470372331864,0.05,0.5,0.5,"normal",28,36
0.0992804976462439,0.05,0.5,0.5,"normal",28,36
0.1240736463166,0.05,0.5,0.5,"normal",28,36
0.381395281471827,0.05,0.5,0.5,"normal",28,36
-0.302679833050961,0.05,0.5,0.5,"normal",28,36
0.420706287011334,0.05,0.5,0.5,"normal",28,36
0.138296085918498,0.05,0.5,0.5,"normal",28,36
0.010856161441128,0.05,0.5,0.5,"normal",28,36
0.24426557422877,0.05,0.5,0.5,"normal",28,36
0.130551448089415,0.05,0.5,0.5,"normal",28,36
0.42155400518621,0.05,0.5,0.5,"normal",28,36
0.0524319583760024,0.05,0.5,0.5,"normal",30,33
0.131662783517286,0.05,0.5,0.5,"normal",30,33
-0.194162281342511,0.05,0.5,0.5,"normal",30,33
-0.02723494825892,0.05,0.5,0.5,"normal",30,33
0.144089062733726,0.05,0.5,0.5,"normal",30,33
-0.196603855847453,0.05,0.5,0.5,"normal",30,33
0.123279350364613,0.05,0.5,0.5,"normal",30,33
0.221789725759325,0.05,0.5,0.5,"normal",30,33
0.0995274139574458,0.05,0.5,0.5,"normal",30,33
0.0562403303201893,0.05,0.5,0.5,"normal",30,33
-0.0470760530104967,0.05,0.5,0.5,"normal",30,33
0.0900923748373884,0.05,0.5,0.5,"normal",30,33
-0.0272453678878541,0.05,0.5,0.5,"normal",30,33
0.0260955851259613,0.05,0.5,0.5,"normal",30,33
0.319161292169245,0.05,0.5,0.5,"normal",30,33
0.303681594118553,0.05,0.5,0.5,"normal",30,33
0.0363621477355122,0.05,0.5,0.5,"normal",30,33
-0.0824952085447227,0.05,0.5,0.5,"normal",30,33
0.104808278533035,0.05,0.5,0.5,"normal",30,33
0.131587072900166,0.05,0.5,0.5,"normal",30,33
-0.236654147623799,0.05,0.5,0.5,"normal",30,33
-0.0135241985881232,0.05,0.5,0.5,"normal",30,33
0.254755355882335,0.05,0.5,0.5,"normal",30,33
0.239837261089046,0.05,0.5,0.5,"normal",30,33
-0.00675468966761904,0.05,0.5,0.5,"normal",30,33
-0.229503299868474,0.05,0.5,0.5,"normal",30,33
0.0651612296025837,0.05,0.5,0.5,"normal",30,33
-0.15195932849866,0.05,0.5,0.5,"normal",30,33
-0.300837742462886,0.05,0.5,0.5,"normal",30,33
-0.0541360973707918,0.05,0.5,0.5,"normal",30,33
0.0429549670706203,0.05,0.5,0.5,"normal",32,31
0.380120164291992,0.05,0.5,0.5,"normal",32,31
-0.228314762039656,0.05,0.5,0.5,"normal",32,31
-0.206855618764486,0.05,0.5,0.5,"normal",32,31
0.317274236566867,0.05,0.5,0.5,"normal",32,31
-0.0205942492671683,0.05,0.5,0.5,"normal",32,31
0.269501273223275,0.05,0.5,0.5,"normal",32,31
0.0130502342870323,0.05,0.5,0.5,"normal",32,31
0.0939503345335081,0.05,0.5,0.5,"normal",32,31
0.0164422104734303,0.05,0.5,0.5,"normal",32,31
0.38667192206223,0.05,0.5,0.5,"normal",32,31
0.291116859913935,0.05,0.5,0.5,"normal",32,31
-0.00722186023529135,0.05,0.5,0.5,"normal",32,31
0.0750760090629805,0.05,0.5,0.5,"normal",32,31
0.252467379735432,0.05,0.5,0.5,"normal",32,31
-0.0106083908287199,0.05,0.5,0.5,"normal",32,31
0.0410085489603124,0.05,0.5,0.5,"normal",32,31
0.112133625507223,0.05,0.5,0.5,"normal",32,31
-0.438274678331311,0.05,0.5,0.5,"normal",32,31
-0.0111811070281648,0.05,0.5,0.5,"normal",32,31
-0.325471545604503,0.05,0.5,0.5,"normal",32,31
-0.207694569939644,0.05,0.5,0.5,"normal",32,31
0.00582318621215972,0.05,0.5,0.5,"normal",32,31
0.202028693155078,0.05,0.5,0.5,"normal",32,31
-0.16016952717912,0.05,0.5,0.5,"normal",32,31
-0.0356944363770994,0.05,0.5,0.5,"normal",32,31
0.242458565326924,0.05,0.5,0.5,"normal",32,31
0.107975334901991,0.05,0.5,0.5,"normal",32,31
-0.0099899218142235,0.05,0.5,0.5,"normal",32,31
0.130429233396233,0.05,0.5,0.5,"normal",32,31
-0.000689307804914776,0.05,0.5,0.5,"normal",34,29
-0.0404632703831583,0.05,0.5,0.5,"normal",34,29
-0.368969050941129,0.05,0.5,0.5,"normal",34,29
0.0406647803161886,0.05,0.5,0.5,"normal",34,29
0.264460539572966,0.05,0.5,0.5,"normal",34,29
0.557680087698473,0.05,0.5,0.5,"normal",34,29
-0.0225298003270822,0.05,0.5,0.5,"normal",34,29
0.089534880697522,0.05,0.5,0.5,"normal",34,29
0.22100842404834,0.05,0.5,0.5,"normal",34,29
-0.131848808174902,0.05,0.5,0.5,"normal",34,29
-0.103842870807699,0.05,0.5,0.5,"normal",34,29
0.0368254611645679,0.05,0.5,0.5,"normal",34,29
0.103634156136136,0.05,0.5,0.5,"normal",34,29
-0.233980967914899,0.05,0.5,0.5,"normal",34,29
0.113294870352396,0.05,0.5,0.5,"normal",34,29
0.119525472019908,0.05,0.5,0.5,"normal",34,29
-0.13681639432114,0.05,0.5,0.5,"normal",34,29
0.064466376000108,0.05,0.5,0.5,"normal",34,29
-0.10965608477387,0.05,0.5,0.5,"normal",34,29
-0.0184972253032883,0.05,0.5,0.5,"normal",34,29
0.0244482234030396,0.05,0.5,0.5,"normal",34,29
0.225763015256286,0.05,0.5,0.5,"normal",34,29
-0.102597347474305,0.05,0.5,0.5,"normal",34,29
-0.052948489158679,0.05,0.5,0.5,"normal",34,29
-0.167824925016869,0.05,0.5,0.5,"normal",34,29
0.0239490493610658,0.05,0.5,0.5,"normal",34,29
0.0654811563003535,0.05,0.5,0.5,"normal",34,29
0.0926329719957233,0.05,0.5,0.5,"normal",34,29
-0.146920880545595,0.05,0.5,0.5,"normal",34,29
0.255864231235771,0.05,0.5,0.5,"normal",34,29
0.414453164980585,0.05,0.5,0.5,"normal",36,28
0.0909134324032325,0.05,0.5,0.5,"normal",36,28
0.147553389302286,0.05,0.5,0.5,"normal",36,28
0.342609615874086,0.05,0.5,0.5,"normal",36,28
-0.0372055664497489,0.05,0.5,0.5,"normal",36,28
0.158263988579372,0.05,0.5,0.5,"normal",36,28
-0.039535697829264,0.05,0.5,0.5,"normal",36,28
0.0864439624924611,0.05,0.5,0.5,"normal",36,28
0.0440113227235521,0.05,0.5,0.5,"normal",36,28
0.09938141306721,0.05,0.5,0.5,"normal",36,28
-0.162818637655944,0.05,0.5,0.5,"normal",36,28
0.14929134201826,0.05,0.5,0.5,"normal",36,28
-0.0577214449585551,0.05,0.5,0.5,"normal",36,28
-0.0164809350655028,0.05,0.5,0.5,"normal",36,28
-0.0715112632569883,0.05,0.5,0.5,"normal",36,28
0.000639251495922304,0.05,0.5,0.5,"normal",36,28
-0.109873908438461,0.05,0.5,0.5,"normal",36,28
-0.153928208782153,0.05,0.5,0.5,"normal",36,28
-0.0055055469773217,0.05,0.5,0.5,"normal",36,28
0.131085234966536,0.05,0.5,0.5,"normal",36,28
-0.0939251254985267,0.05,0.5,0.5,"normal",36,28
-0.177589133984048,0.05,0.5,0.5,"normal",36,28
-0.0183546912558233,0.05,0.5,0.5,"normal",36,28
0.411627800892944,0.05,0.5,0.5,"normal",36,28
0.278682228710267,0.05,0.5,0.5,"normal",36,28
-0.252108950777169,0.05,0.5,0.5,"normal",36,28
0.0154490607164791,0.05,0.5,0.5,"normal",36,28
-0.462551765078123,0.05,0.5,0.5,"normal",36,28
0.132095250066303,0.05,0.5,0.5,"normal",36,28
0.126282042934555,0.05,0.5,0.5,"normal",36,28
0.202643269433455,0.05,0.5,0.5,"normal",38,26
0.139859941979253,0.05,0.5,0.5,"normal",38,26
0.167484869230866,0.05,0.5,0.5,"normal",38,26
0.025802463996186,0.05,0.5,0.5,"normal",38,26
-0.111223803698768,0.05,0.5,0.5,"normal",38,26
-0.152934241666673,0.05,0.5,0.5,"normal",38,26
-0.29918849724277,0.05,0.5,0.5,"normal",38,26
-0.0444754831867115,0.05,0.5,0.5,"normal",38,26
-0.0658462160267952,0.05,0.5,0.5,"normal",38,26
-0.0488826420107735,0.05,0.5,0.5,"normal",38,26
0.277010778094291,0.05,0.5,0.5,"normal",38,26
0.189548067578081,0.05,0.5,0.5,"normal",38,26
-0.0197997354109348,0.05,0.5,0.5,"normal",38,26
-0.123853591449469,0.05,0.5,0.5,"normal",38,26
0.221306553411458,0.05,0.5,0.5,"normal",38,26
0.283720054633065,0.05,0.5,0.5,"normal",38,26
0.160379884872983,0.05,0.5,0.5,"normal",38,26
-0.149136992098979,0.05,0.5,0.5,"normal",38,26
-0.00641898007966279,0.05,0.5,0.5,"normal",38,26
0.0489512551475307,0.05,0.5,0.5,"normal",38,26
-0.138129268277503,0.05,0.5,0.5,"normal",38,26
0.0254864383269272,0.05,0.5,0.5,"normal",38,26
-0.0698722575340365,0.05,0.5,0.5,"normal",38,26
-0.00971900255757007,0.05,0.5,0.5,"normal",38,26
-0.0816099273375977,0.05,0.5,0.5,"normal",38,26
-0.0367343901087963,0.05,0.5,0.5,"normal",38,26
0.0185539478242692,0.05,0.5,0.5,"normal",38,26
0.0981101906348329,0.05,0.5,0.5,"normal",38,26
0.17734703997441,0.05,0.5,0.5,"normal",38,26
-0.116549904970982,0.05,0.5,0.5,"normal",38,26
0.247914650149281,0.05,0.5,0.5,"normal",40,25
0.0624395099686671,0.05,0.5,0.5,"normal",40,25
0.0916822288366667,0.05,0.5,0.5,"normal",40,25
-0.217994532275425,0.05,0.5,0.5,"normal",40,25
0.0390662272594339,0.05,0.5,0.5,"normal",40,25
0.083440180997374,0.05,0.5,0.5,"normal",40,25
-0.143466872030996,0.05,0.5,0.5,"normal",40,25
0.13545888362286,0.05,0.5,0.5,"normal",40,25
0.0264130078131257,0.05,0.5,0.5,"normal",40,25
0.120768401112805,0.05,0.5,0.5,"normal",40,25
-0.098276133301056,0.05,0.5,0.5,"normal",40,25
0.139502776562759,0.05,0.5,0.5,"normal",40,25
-0.0612941741502428,0.05,0.5,0.5,"normal",40,25
0.00171230235827391,0.05,0.5,0.5,"normal",40,25
0.0576590309863376,0.05,0.5,0.5,"normal",40,25
0.089239455214772,0.05,0.5,0.5,"normal",40,25
0.298936033692324,0.05,0.5,0.5,"normal",40,25
-0.270778076918853,0.05,0.5,0.5,"normal",40,25
0.00662451748744837,0.05,0.5,0.5,"normal",40,25
0.0676622045597431,0.05,0.5,0.5,"normal",40,25
0.17424747014067,0.05,0.5,0.5,"normal",40,25
0.00641130691309895,0.05,0.5,0.5,"normal",40,25
0.0651800859816956,0.05,0.5,0.5,"normal",40,25
0.256347138351104,0.05,0.5,0.5,"normal",40,25
0.147819936907852,0.05,0.5,0.5,"normal",40,25
-0.117065398817715,0.05,0.5,0.5,"normal",40,25
-0.2412420851395,0.05,0.5,0.5,"normal",40,25
0.0653469265898694,0.05,0.5,0.5,"normal",40,25
-0.018695714747644,0.05,0.5,0.5,"normal",40,25
0.289409850071603,0.05,0.5,0.5,"normal",40,25
-0.115371707418237,0.05,0.5,0.5,"normal",42,23
0.132927571899945,0.05,0.5,0.5,"normal",42,23
0.0479512653987504,0.05,0.5,0.5,"normal",42,23
-0.052788922610228,0.05,0.5,0.5,"normal",42,23
-0.211799710229987,0.05,0.5,0.5,"normal",42,23
0.238794796105124,0.05,0.5,0.5,"normal",42,23
0.174439805700632,0.05,0.5,0.5,"normal",42,23
0.11068355866996,0.05,0.5,0.5,"normal",42,23
-0.0225392122934781,0.05,0.5,0.5,"normal",42,23
-0.173271906296107,0.05,0.5,0.5,"normal",42,23
-0.13591312768793,0.05,0.5,0.5,"normal",42,23
0.157905529491031,0.05,0.5,0.5,"normal",42,23
0.097571021846182,0.05,0.5,0.5,"normal",42,23
-0.379943801347839,0.05,0.5,0.5,"normal",42,23
0.192323581173992,0.05,0.5,0.5,"normal",42,23
0.153094446374185,0.05,0.5,0.5,"normal",42,23
0.0206373846353594,0.05,0.5,0.5,"normal",42,23
0.0965066119059806,0.05,0.5,0.5,"normal",42,23
-0.13849272187145,0.05,0.5,0.5,"normal",42,23
0.318533779853382,0.05,0.5,0.5,"normal",42,23
0.393159529207921,0.05,0.5,0.5,"normal",42,23
0.228873275261798,0.05,0.5,0.5,"normal",42,23
0.171475836409541,0.05,0.5,0.5,"normal",42,23
0.00341736449672061,0.05,0.5,0.5,"normal",42,23
-0.0445033054438945,0.05,0.5,0.5,"normal",42,23
0.280196886314723,0.05,0.5,0.5,"normal",42,23
-0.157524154774818,0.05,0.5,0.5,"normal",42,23
0.11588555798135,0.05,0.5,0.5,"normal",42,23
0.146415735005561,0.05,0.5,0.5,"normal",42,23
0.416155652627846,0.05,0.5,0.5,"normal",42,23
0.0767005889367529,0.05,0.5,0.5,"normal",44,22
0.0722114678198007,0.05,0.5,0.5,"normal",44,22
0.155487888011213,0.05,0.5,0.5,"normal",44,22
-0.0120673915695953,0.05,0.5,0.5,"normal",44,22
-0.0798053141091225,0.05,0.5,0.5,"normal",44,22
-0.0917947257162692,0.05,0.5,0.5,"normal",44,22
-0.0213407718141055,0.05,0.5,0.5,"normal",44,22
-0.110894048074587,0.05,0.5,0.5,"normal",44,22
-0.0195869706789211,0.05,0.5,0.5,"normal",44,22
0.131167049409987,0.05,0.5,0.5,"normal",44,22
-0.0297345263456892,0.05,0.5,0.5,"normal",44,22
0.153454194805857,0.05,0.5,0.5,"normal",44,22
-0.138715900749768,0.05,0.5,0.5,"normal",44,22
0.135393538853524,0.05,0.5,0.5,"normal",44,22
0.197273643673269,0.05,0.5,0.5,"normal",44,22
-0.184827463403709,0.05,0.5,0.5,"normal",44,22
-0.293353574895789,0.05,0.5,0.5,"normal",44,22
0.102916473312713,0.05,0.5,0.5,"normal",44,22
-0.036309962941969,0.05,0.5,0.5,"normal",44,22
0.0741747956504526,0.05,0.5,0.5,"normal",44,22
0.113736374299653,0.05,0.5,0.5,"normal",44,22
-0.00605316924562938,0.05,0.5,0.5,"normal",44,22
0.281896547770044,0.05,0.5,0.5,"normal",44,22
0.0183896614458598,0.05,0.5,0.5,"normal",44,22
-0.142354199388505,0.05,0.5,0.5,"normal",44,22
0.129942265017039,0.05,0.5,0.5,"normal",44,22
0.287559358869904,0.05,0.5,0.5,"normal",44,22
0.243910755457414,0.05,0.5,0.5,"normal",44,22
-0.0285717937513849,0.05,0.5,0.5,"normal",44,22
0.187819020379234,0.05,0.5,0.5,"normal",44,22
0.174156151556179,0.05,0.5,0.5,"normal",46,21
-0.0874633111899516,0.05,0.5,0.5,"normal",46,21
-0.106711204622705,0.05,0.5,0.5,"normal",46,21
0.123908615538619,0.05,0.5,0.5,"normal",46,21
0.112131532725793,0.05,0.5,0.5,"normal",46,21
0.258724190159502,0.05,0.5,0.5,"normal",46,21
-0.0724008099784453,0.05,0.5,0.5,"normal",46,21
0.197165650875698,0.05,0.5,0.5,"normal",46,21
0.233269410352334,0.05,0.5,0.5,"normal",46,21
0.112264877991303,0.05,0.5,0.5,"normal",46,21
-0.0984455320057623,0.05,0.5,0.5,"normal",46,21
0.169902092423105,0.05,0.5,0.5,"normal",46,21
0.00143784872267653,0.05,0.5,0.5,"normal",46,21
0.3231006911124,0.05,0.5,0.5,"normal",46,21
0.0792085886119136,0.05,0.5,0.5,"normal",46,21
0.022966672925592,0.05,0.5,0.5,"normal",46,21
0.163327256566303,0.05,0.5,0.5,"normal",46,21
0.0937886898341517,0.05,0.5,0.5,"normal",46,21
-0.136952798371583,0.05,0.5,0.5,"normal",46,21
0.259347527921744,0.05,0.5,0.5,"normal",46,21
-0.141089829816743,0.05,0.5,0.5,"normal",46,21
0.184954439972003,0.05,0.5,0.5,"normal",46,21
0.202996641360131,0.05,0.5,0.5,"normal",46,21
-0.0905403436832903,0.05,0.5,0.5,"normal",46,21
0.153753766623534,0.05,0.5,0.5,"normal",46,21
0.107210062802637,0.05,0.5,0.5,"normal",46,21
-0.174368852783159,0.05,0.5,0.5,"normal",46,21
-0.0696390506001403,0.05,0.5,0.5,"normal",46,21
0.0485526790898949,0.05,0.5,0.5,"normal",46,21
0.0160878914662972,0.05,0.5,0.5,"normal",46,21
-0.0256442916201941,0.05,0.5,0.5,"normal",48,20
0.254325246682607,0.05,0.5,0.5,"normal",48,20
0.191180030514638,0.05,0.5,0.5,"normal",48,20
0.162339206030319,0.05,0.5,0.5,"normal",48,20
0.081850090108401,0.05,0.5,0.5,"normal",48,20
-0.11205730414402,0.05,0.5,0.5,"normal",48,20
0.00814192761147789,0.05,0.5,0.5,"normal",48,20
0.245437583222739,0.05,0.5,0.5,"normal",48,20
0.192849433576838,0.05,0.5,0.5,"normal",48,20
0.104864441135682,0.05,0.5,0.5,"normal",48,20
-0.0180437596005631,0.05,0.5,0.5,"normal",48,20
0.0999462804808586,0.05,0.5,0.5,"normal",48,20
0.0352026097543341,0.05,0.5,0.5,"normal",48,20
-0.0807087364890239,0.05,0.5,0.5,"normal",48,20
-0.0393270706277378,0.05,0.5,0.5,"normal",48,20
-0.151135712935963,0.05,0.5,0.5,"normal",48,20
-0.226032473109331,0.05,0.5,0.5,"normal",48,20
-0.00192769834167016,0.05,0.5,0.5,"normal",48,20
0.306785037624938,0.05,0.5,0.5,"normal",48,20
0.0937939650614013,0.05,0.5,0.5,"normal",48,20
0.441159792037841,0.05,0.5,0.5,"normal",48,20
-0.127715302319497,0.05,0.5,0.5,"normal",48,20
0.00239472439887273,0.05,0.5,0.5,"normal",48,20
0.129606122325393,0.05,0.5,0.5,"normal",48,20
0.235489937821844,0.05,0.5,0.5,"normal",48,20
0.0349692206914644,0.05,0.5,0.5,"normal",48,20
0.081386843363317,0.05,0.5,0.5,"normal",48,20
0.224745541629526,0.05,0.5,0.5,"normal",48,20
0.0248034034936441,0.05,0.5,0.5,"normal",48,20
0.0117508211510607,0.05,0.5,0.5,"normal",48,20
-0.0353825777575906,0.05,0.5,0.5,"normal",50,19
-0.0941044460595179,0.05,0.5,0.5,"normal",50,19
-0.263314102307342,0.05,0.5,0.5,"normal",50,19
0.245009399880898,0.05,0.5,0.5,"normal",50,19
0.210746002901499,0.05,0.5,0.5,"normal",50,19
0.207827459918204,0.05,0.5,0.5,"normal",50,19
0.0853569270734359,0.05,0.5,0.5,"normal",50,19
0.170116277740832,0.05,0.5,0.5,"normal",50,19
-0.187145784111424,0.05,0.5,0.5,"normal",50,19
0.0949197195365735,0.05,0.5,0.5,"normal",50,19
-0.175818869670394,0.05,0.5,0.5,"normal",50,19
0.0859514639580439,0.05,0.5,0.5,"normal",50,19
0.0992340828121211,0.05,0.5,0.5,"normal",50,19
0.346384587336944,0.05,0.5,0.5,"normal",50,19
-0.034661041486919,0.05,0.5,0.5,"normal",50,19
0.292344401761003,0.05,0.5,0.5,"normal",50,19
0.126443007833597,0.05,0.5,0.5,"normal",50,19
0.0421266729923843,0.05,0.5,0.5,"normal",50,19
-0.134120991523892,0.05,0.5,0.5,"normal",50,19
0.0090561782724859,0.05,0.5,0.5,"normal",50,19
-0.251205988876307,0.05,0.5,0.5,"normal",50,19
0.0303813557700802,0.05,0.5,0.5,"normal",50,19
-0.0975276177746095,0.05,0.5,0.5,"normal",50,19
0.321890596079253,0.05,0.5,0.5,"normal",50,19
0.0654459701257107,0.05,0.5,0.5,"normal",50,19
0.098768317845557,0.05,0.5,0.5,"normal",50,19
0.0810065642144429,0.05,0.5,0.5,"normal",50,19
0.142434287828677,0.05,0.5,0.5,"normal",50,19
-0.0428211811108509,0.05,0.5,0.5,"normal",50,19
-0.0216607680778531,0.05,0.5,0.5,"normal",50,19
-0.0329954101238299,0.05,0.5,0.5,"normal",52,19
0.22373560080668,0.05,0.5,0.5,"normal",52,19
0.194461937076111,0.05,0.5,0.5,"normal",52,19
0.13270157069787,0.05,0.5,0.5,"normal",52,19
-0.0897419966999365,0.05,0.5,0.5,"normal",52,19
-0.139972916301695,0.05,0.5,0.5,"normal",52,19
-0.251942477432201,0.05,0.5,0.5,"normal",52,19
-0.0529945633443189,0.05,0.5,0.5,"normal",52,19
-0.00741382068995203,0.05,0.5,0.5,"normal",52,19
-0.0257770739527176,0.05,0.5,0.5,"normal",52,19
0.100945028013376,0.05,0.5,0.5,"normal",52,19
0.0314294360002581,0.05,0.5,0.5,"normal",52,19
0.0477982489028007,0.05,0.5,0.5,"normal",52,19
0.124454813950136,0.05,0.5,0.5,"normal",52,19
0.00250668720609666,0.05,0.5,0.5,"normal",52,19
-0.00254741844039667,0.05,0.5,0.5,"normal",52,19
0.173182615516616,0.05,0.5,0.5,"normal",52,19
0.132483784193648,0.05,0.5,0.5,"normal",52,19
-0.0508411958268904,0.05,0.5,0.5,"normal",52,19
0.120441978354715,0.05,0.5,0.5,"normal",52,19
-0.112825158525374,0.05,0.5,0.5,"normal",52,19
0.325982432734711,0.05,0.5,0.5,"normal",52,19
0.139923426575477,0.05,0.5,0.5,"normal",52,19
0.169656394435286,0.05,0.5,0.5,"normal",52,19
0.00556337040625092,0.05,0.5,0.5,"normal",52,19
-0.152179842186156,0.05,0.5,0.5,"normal",52,19
0.136427922466724,0.05,0.5,0.5,"normal",52,19
-0.131734260149781,0.05,0.5,0.5,"normal",52,19
0.0469069203866524,0.05,0.5,0.5,"normal",52,19
-0.115696141320246,0.05,0.5,0.5,"normal",52,19
-0.050416959095961,0.05,0.5,0.5,"normal",54,18
-0.126284045842827,0.05,0.5,0.5,"normal",54,18
0.199214542116566,0.05,0.5,0.5,"normal",54,18
0.0499025354599141,0.05,0.5,0.5,"normal",54,18
0.156879235664183,0.05,0.5,0.5,"normal",54,18
-0.0196072984376313,0.05,0.5,0.5,"normal",54,18
0.15570055590696,0.05,0.5,0.5,"normal",54,18
0.309795709358354,0.05,0.5,0.5,"normal",54,18
-0.0306525257587228,0.05,0.5,0.5,"normal",54,18
0.0333337571985782,0.05,0.5,0.5,"normal",54,18
-0.164950432674818,0.05,0.5,0.5,"normal",54,18
0.033010790372363,0.05,0.5,0.5,"normal",54,18
-0.0345147385939799,0.05,0.5,0.5,"normal",54,18
0.149222560549691,0.05,0.5,0.5,"normal",54,18
0.0967127560410832,0.05,0.5,0.5,"normal",54,18
-0.0943400818750724,0.05,0.5,0.5,"normal",54,18
0.168341387299014,0.05,0.5,0.5,"normal",54,18
-0.0125984416994461,0.05,0.5,0.5,"normal",54,18
0.266161051985007,0.05,0.5,0.5,"normal",54,18
0.147225802538955,0.05,0.5,0.5,"normal",54,18
-0.0645768903909167,0.05,0.5,0.5,"normal",54,18
0.120570008110657,0.05,0.5,0.5,"normal",54,18
-0.127984640446964,0.05,0.5,0.5,"normal",54,18
-0.0273800862315241,0.05,0.5,0.5,"normal",54,18
0.0319139199630707,0.05,0.5,0.5,"normal",54,18
-0.0432080073834771,0.05,0.5,0.5,"normal",54,18
-0.0565721351741831,0.05,0.5,0.5,"normal",54,18
-0.259828905390288,0.05,0.5,0.5,"normal",54,18
-0.0163933876386187,0.05,0.5,0.5,"normal",54,18
0.192659842453582,0.05,0.5,0.5,"normal",54,18
0.163068395847246,0.05,0.5,0.5,"normal",56,17
0.191197218671107,0.05,0.5,0.5,"normal",56,17
0.260906307982414,0.05,0.5,0.5,"normal",56,17
0.114907003953,0.05,0.5,0.5,"normal",56,17
0.437689219595488,0.05,0.5,0.5,"normal",56,17
0.055403756495825,0.05,0.5,0.5,"normal",56,17
0.190082208735709,0.05,0.5,0.5,"normal",56,17
0.238096962422323,0.05,0.5,0.5,"normal",56,17
0.0973503282748158,0.05,0.5,0.5,"normal",56,17
0.00750194402826759,0.05,0.5,0.5,"normal",56,17
-0.216139318329569,0.05,0.5,0.5,"normal",56,17
0.164052400826608,0.05,0.5,0.5,"normal",56,17
0.241772493222489,0.05,0.5,0.5,"normal",56,17
0.0917745741063675,0.05,0.5,0.5,"normal",56,17
0.237031619688604,0.05,0.5,0.5,"normal",56,17
-0.0945455674396265,0.05,0.5,0.5,"normal",56,17
0.0520800153605253,0.05,0.5,0.5,"normal",56,17
0.0996518841436213,0.05,0.5,0.5,"normal",56,17
0.347093544136315,0.05,0.5,0.5,"normal",56,17
-0.0421898311692959,0.05,0.5,0.5,"normal",56,17
0.0307644331360517,0.05,0.5,0.5,"normal",56,17
0.257523445557598,0.05,0.5,0.5,"normal",56,17
0.17390602803232,0.05,0.5,0.5,"normal",56,17
0.170698984230316,0.05,0.5,0.5,"normal",56,17
0.111082709282007,0.05,0.5,0.5,"normal",56,17
0.0815313854304959,0.05,0.5,0.5,"normal",56,17
0.0454597798074541,0.05,0.5,0.5,"normal",56,17
0.0909744208557683,0.05,0.5,0.5,"normal",56,17
0.0481107865471222,0.05,0.5,0.5,"normal",56,17
-0.0406277347621714,0.05,0.5,0.5,"normal",56,17
-0.256454716289718,0.05,0.5,0.5,"normal",58,16
-0.0348601270947338,0.05,0.5,0.5,"normal",58,16
-0.0315833741883067,0.05,0.5,0.5,"normal",58,16
-0.0140922781443176,0.05,0.5,0.5,"normal",58,16
-0.0835888840890397,0.05,0.5,0.5,"normal",58,16
-0.0334221529072058,0.05,0.5,0.5,"normal",58,16
-0.243094008438006,0.05,0.5,0.5,"normal",58,16
0.100854219050097,0.05,0.5,0.5,"normal",58,16
0.101602714621184,0.05,0.5,0.5,"normal",58,16
0.0885410417131491,0.05,0.5,0.5,"normal",58,16
0.106164513064409,0.05,0.5,0.5,"normal",58,16
0.301318974097959,0.05,0.5,0.5,"normal",58,16
0.0979038811996261,0.05,0.5,0.5,"normal",58,16
0.00823873687236306,0.05,0.5,0.5,"normal",58,16
0.244557302444288,0.05,0.5,0.5,"normal",58,16
0.0473221014069807,0.05,0.5,0.5,"normal",58,16
0.0556690471625281,0.05,0.5,0.5,"normal",58,16
-0.198515426373675,0.05,0.5,0.5,"normal",58,16
0.00350201604557379,0.05,0.5,0.5,"normal",58,16
0.3168859803662,0.05,0.5,0.5,"normal",58,16
-0.243099747535681,0.05,0.5,0.5,"normal",58,16
0.218257014267373,0.05,0.5,0.5,"normal",58,16
0.0738909182728402,0.05,0.5,0.5,"normal",58,16
-0.222720678056286,0.05,0.5,0.5,"normal",58,16
-0.106601198577576,0.05,0.5,0.5,"normal",58,16
0.111037666249019,0.05,0.5,0.5,"normal",58,16
0.109787320663672,0.05,0.5,0.5,"normal",58,16
0.0232733667710133,0.05,0.5,0.5,"normal",58,16
0.068742543105106,0.05,0.5,0.5,"normal",58,16
0.217290682116904,0.05,0.5,0.5,"normal",58,16
0.0540285293959051,0.05,0.5,0.5,"normal",60,16
-0.141019400204195,0.05,0.5,0.5,"normal",60,16
-0.0962471294460183,0.05,0.5,0.5,"normal",60,16
0.126673947682617,0.05,0.5,0.5,"normal",60,16
0.0177268330623725,0.05,0.5,0.5,"normal",60,16
0.0513374045359994,0.05,0.5,0.5,"normal",60,16
-0.0084625193421136,0.05,0.5,0.5,"normal",60,16
0.12374640823947,0.05,0.5,0.5,"normal",60,16
0.0988230828672067,0.05,0.5,0.5,"normal",60,16
0.0131336945539315,0.05,0.5,0.5,"normal",60,16
0.203772961770553,0.05,0.5,0.5,"normal",60,16
0.0839692895625504,0.05,0.5,0.5,"normal",60,16
-0.24302274839679,0.05,0.5,0.5,"normal",60,16
0.00405313439146786,0.05,0.5,0.5,"normal",60,16
0.0277376690975592,0.05,0.5,0.5,"normal",60,16
0.230064948189078,0.05,0.5,0.5,"normal",60,16
0.108423694140488,0.05,0.5,0.5,"normal",60,16
0.0818220093378877,0.05,0.5,0.5,"normal",60,16
-0.0757916785242912,0.05,0.5,0.5,"normal",60,16
0.194158174819688,0.05,0.5,0.5,"normal",60,16
-0.0423739993907525,0.05,0.5,0.5,"normal",60,16
0.056788896908438,0.05,0.5,0.5,"normal",60,16
-0.0643619687461318,0.05,0.5,0.5,"normal",60,16
-0.0205585852558425,0.05,0.5,0.5,"normal",60,16
-0.249175824190756,0.05,0.5,0.5,"normal",60,16
-0.0283857607723165,0.05,0.5,0.5,"normal",60,16
-0.218211366524333,0.05,0.5,0.5,"normal",60,16
0.0273755129928757,0.05,0.5,0.5,"normal",60,16
0.0549098975761209,0.05,0.5,0.5,"normal",60,16
0.104904011781173,0.05,0.5,0.5,"normal",60,16
-0.10271021604653,0.05,0.5,0.5,"normal",62,15
0.277710219586037,0.05,0.5,0.5,"normal",62,15
-0.0813979733786386,0.05,0.5,0.5,"normal",62,15
-0.0922081624022343,0.05,0.5,0.5,"normal",62,15
-0.0852392070270323,0.05,0.5,0.5,"normal",62,15
-0.0326371040077818,0.05,0.5,0.5,"normal",62,15
-0.111513760332243,0.05,0.5,0.5,"normal",62,15
-0.000587711535759192,0.05,0.5,0.5,"normal",62,15
0.039651801683353,0.05,0.5,0.5,"normal",62,15
0.0650904761839831,0.05,0.5,0.5,"normal",62,15
0.209408008688302,0.05,0.5,0.5,"normal",62,15
0.119212631141453,0.05,0.5,0.5,"normal",62,15
-0.0357301466759037,0.05,0.5,0.5,"normal",62,15
0.243086510422509,0.05,0.5,0.5,"normal",62,15
-0.0164097452074011,0.05,0.5,0.5,"normal",62,15
0.217092043979331,0.05,0.5,0.5,"normal",62,15
0.142520554299184,0.05,0.5,0.5,"normal",62,15
0.0380064907520929,0.05,0.5,0.5,"normal",62,15
-0.0565519535927771,0.05,0.5,0.5,"normal",62,15
0.111283111535396,0.05,0.5,0.5,"normal",62,15
-0.0377925939399509,0.05,0.5,0.5,"normal",62,15
-0.0769008560017554,0.05,0.5,0.5,"normal",62,15
0.0808457323601311,0.05,0.5,0.5,"normal",62,15
0.0364750415621924,0.05,0.5,0.5,"normal",62,15
-0.0687184692300906,0.05,0.5,0.5,"normal",62,15
0.113976347333255,0.05,0.5,0.5,"normal",62,15
0.21523720291297,0.05,0.5,0.5,"normal",62,15
0.123396924496729,0.05,0.5,0.5,"normal",62,15
0.143928407288093,0.05,0.5,0.5,"normal",62,15
-0.0524146223426373,0.05,0.5,0.5,"normal",62,15
0.219818373414129,0.05,0.5,0.5,"normal",64,15
0.0260085182708242,0.05,0.5,0.5,"normal",64,15
0.187673405212389,0.05,0.5,0.5,"normal",64,15
-0.0496098502463184,0.05,0.5,0.5,"normal",64,15
-0.065721956166482,0.05,0.5,0.5,"normal",64,15
0.104225847307673,0.05,0.5,0.5,"normal",64,15
0.0543192380335505,0.05,0.5,0.5,"normal",64,15
0.000212683692288976,0.05,0.5,0.5,"normal",64,15
-0.146698612541211,0.05,0.5,0.5,"normal",64,15
0.0302910050001046,0.05,0.5,0.5,"normal",64,15
-0.0115398396551551,0.05,0.5,0.5,"normal",64,15
0.0309851391108438,0.05,0.5,0.5,"normal",64,15
0.0318661653555102,0.05,0.5,0.5,"normal",64,15
0.0763624868985938,0.05,0.5,0.5,"normal",64,15
0.0109962174610273,0.05,0.5,0.5,"normal",64,15
-0.00721247502108404,0.05,0.5,0.5,"normal",64,15
-0.17584751436635,0.05,0.5,0.5,"normal",64,15
0.153126438195056,0.05,0.5,0.5,"normal",64,15
0.0989307328228872,0.05,0.5,0.5,"normal",64,15
0.179200605438047,0.05,0.5,0.5,"normal",64,15
-0.0676751414016705,0.05,0.5,0.5,"normal",64,15
0.142623551276981,0.05,0.5,0.5,"normal",64,15
0.143667073207728,0.05,0.5,0.5,"normal",64,15
0.029646201128084,0.05,0.5,0.5,"normal",64,15
0.0849424761253563,0.05,0.5,0.5,"normal",64,15
-0.05752388811542,0.05,0.5,0.5,"normal",64,15
0.112141673018865,0.05,0.5,0.5,"normal",64,15
0.131704993967094,0.05,0.5,0.5,"normal",64,15
0.0199610741820283,0.05,0.5,0.5,"normal",64,15
-0.0358649285405177,0.05,0.5,0.5,"normal",64,15
-0.0813796805889556,0.05,0.5,0.5,"normal",66,14
0.229760108073844,0.05,0.5,0.5,"normal",66,14
0.00628221754597447,0.05,0.5,0.5,"normal",66,14
0.101844735060759,0.05,0.5,0.5,"normal",66,14
0.171650377175728,0.05,0.5,0.5,"normal",66,14
0.243206956409655,0.05,0.5,0.5,"normal",66,14
0.14300324023678,0.05,0.5,0.5,"normal",66,14
-0.0626570927472381,0.05,0.5,0.5,"normal",66,14
-0.016201919893432,0.05,0.5,0.5,"normal",66,14
0.0786336443107151,0.05,0.5,0.5,"normal",66,14
0.122394201847696,0.05,0.5,0.5,"normal",66,14
0.0798885250346542,0.05,0.5,0.5,"normal",66,14
0.0445330559274182,0.05,0.5,0.5,"normal",66,14
0.0507644082477513,0.05,0.5,0.5,"normal",66,14
-0.0415872105852852,0.05,0.5,0.5,"normal",66,14
0.106446354871942,0.05,0.5,0.5,"normal",66,14
0.134935788007316,0.05,0.5,0.5,"normal",66,14
-0.0443812035612619,0.05,0.5,0.5,"normal",66,14
0.0851682766828623,0.05,0.5,0.5,"normal",66,14
0.287050880394962,0.05,0.5,0.5,"normal",66,14
-0.163732780539464,0.05,0.5,0.5,"normal",66,14
-0.236476532432537,0.05,0.5,0.5,"normal",66,14
0.153909319821129,0.05,0.5,0.5,"normal",66,14
0.160583579951115,0.05,0.5,0.5,"normal",66,14
0.0502201708010782,0.05,0.5,0.5,"normal",66,14
0.0980918867374133,0.05,0.5,0.5,"normal",66,14
-0.144130414134434,0.05,0.5,0.5,"normal",66,14
-0.0131387119400455,0.05,0.5,0.5,"normal",66,14
-0.00417990470266186,0.05,0.5,0.5,"normal",66,14
-0.0998175573508382,0.05,0.5,0.5,"normal",66,14
-0.0858606782917971,0.05,0.5,0.5,"normal",68,14
0.235682606196046,0.05,0.5,0.5,"normal",68,14
0.029932481705344,0.05,0.5,0.5,"normal",68,14
0.0731209751143807,0.05,0.5,0.5,"normal",68,14
0.0229504168806597,0.05,0.5,0.5,"normal",68,14
-0.0879076128462638,0.05,0.5,0.5,"normal",68,14
-0.143318663353765,0.05,0.5,0.5,"normal",68,14
0.24488523595339,0.05,0.5,0.5,"normal",68,14
0.145089849085762,0.05,0.5,0.5,"normal",68,14
-0.131111067169821,0.05,0.5,0.5,"normal",68,14
0.17368304243242,0.05,0.5,0.5,"normal",68,14
-0.0957820225342216,0.05,0.5,0.5,"normal",68,14
0.0792977098806566,0.05,0.5,0.5,"normal",68,14
0.0132667527181752,0.05,0.5,0.5,"normal",68,14
0.114586680981203,0.05,0.5,0.5,"normal",68,14
0.0442527273945607,0.05,0.5,0.5,"normal",68,14
0.094767494293945,0.05,0.5,0.5,"normal",68,14
0.283138356561159,0.05,0.5,0.5,"normal",68,14
0.00279649734959327,0.05,0.5,0.5,"normal",68,14
0.0918413682528825,0.05,0.5,0.5,"normal",68,14
0.155736572861389,0.05,0.5,0.5,"normal",68,14
0.0960752619909793,0.05,0.5,0.5,"normal",68,14
-0.0134105092046663,0.05,0.5,0.5,"normal",68,14
0.0566926857423681,0.05,0.5,0.5,"normal",68,14
0.0945105526650647,0.05,0.5,0.5,"normal",68,14
0.0140266055961264,0.05,0.5,0.5,"normal",68,14
0.00232144944845222,0.05,0.5,0.5,"normal",68,14
0.0129665643612528,0.05,0.5,0.5,"normal",68,14
-0.165189088779415,0.05,0.5,0.5,"normal",68,14
0.239592878866881,0.05,0.5,0.5,"normal",68,14
0.192989548916125,0.05,0.5,0.5,"normal",70,13
0.0628976639472183,0.05,0.5,0.5,"normal",70,13
0.034459458174874,0.05,0.5,0.5,"normal",70,13
-0.030688789646554,0.05,0.5,0.5,"normal",70,13
0.067609150038094,0.05,0.5,0.5,"normal",70,13
-0.0183132401061076,0.05,0.5,0.5,"normal",70,13
0.275794204235339,0.05,0.5,0.5,"normal",70,13
0.0102063045880607,0.05,0.5,0.5,"normal",70,13
-0.0704984894948908,0.05,0.5,0.5,"normal",70,13
-0.0735324405715846,0.05,0.5,0.5,"normal",70,13
0.193579126865047,0.05,0.5,0.5,"normal",70,13
0.0504499787361664,0.05,0.5,0.5,"normal",70,13
0.216957958473533,0.05,0.5,0.5,"normal",70,13
-0.182481414657437,0.05,0.5,0.5,"normal",70,13
0.142028161225095,0.05,0.5,0.5,"normal",70,13
0.0710579838531346,0.05,0.5,0.5,"normal",70,13
-0.0614649478756385,0.05,0.5,0.5,"normal",70,13
0.0913337650226199,0.05,0.5,0.5,"normal",70,13
0.0309852908355252,0.05,0.5,0.5,"normal",70,13
0.0565766343083337,0.05,0.5,0.5,"normal",70,13
-0.080115417912753,0.05,0.5,0.5,"normal",70,13
0.0446197344885158,0.05,0.5,0.5,"normal",70,13
0.0805997888539912,0.05,0.5,0.5,"normal",70,13
0.022389801303,0.05,0.5,0.5,"normal",70,13
0.0295996388970259,0.05,0.5,0.5,"normal",70,13
-0.111946402575011,0.05,0.5,0.5,"normal",70,13
0.337845188448652,0.05,0.5,0.5,"normal",70,13
0.0895634326040793,0.05,0.5,0.5,"normal",70,13
-0.103337720389985,0.05,0.5,0.5,"normal",70,13
0.125085811107037,0.05,0.5,0.5,"normal",70,13
-0.0135724007023421,0.05,0.5,0.5,"normal",72,13
-0.0778021226164612,0.05,0.5,0.5,"normal",72,13
0.044839363510193,0.05,0.5,0.5,"normal",72,13
-0.00229949291645378,0.05,0.5,0.5,"normal",72,13
0.102813512544766,0.05,0.5,0.5,"normal",72,13
0.0564177309505783,0.05,0.5,0.5,"normal",72,13
0.208128413001029,0.05,0.5,0.5,"normal",72,13
0.065265974032474,0.05,0.5,0.5,"normal",72,13
0.153869488307273,0.05,0.5,0.5,"normal",72,13
0.0472800012313513,0.05,0.5,0.5,"normal",72,13
0.301950812318506,0.05,0.5,0.5,"normal",72,13
-0.0295022971244841,0.05,0.5,0.5,"normal",72,13
-0.023453445114875,0.05,0.5,0.5,"normal",72,13
-0.0824708072612038,0.05,0.5,0.5,"normal",72,13
0.0951442834355364,0.05,0.5,0.5,"normal",72,13
0.072727245671325,0.05,0.5,0.5,"normal",72,13
0.109034164923004,0.05,0.5,0.5,"normal",72,13
-0.0252740188642623,0.05,0.5,0.5,"normal",72,13
0.129132957917749,0.05,0.5,0.5,"normal",72,13
0.198982389772628,0.05,0.5,0.5,"normal",72,13
0.12785288497569,0.05,0.5,0.5,"normal",72,13
0.0917601126347662,0.05,0.5,0.5,"normal",72,13
0.162080606815494,0.05,0.5,0.5,"normal",72,13
0.290836311483353,0.05,0.5,0.5,"normal",72,13
-0.0730623559531075,0.05,0.5,0.5,"normal",72,13
0.14003007402162,0.05,0.5,0.5,"normal",72,13
0.049086307263369,0.05,0.5,0.5,"normal",72,13
0.0913177336882834,0.05,0.5,0.5,"normal",72,13
0.285613334733689,0.05,0.5,0.5,"normal",72,13
0.0817680874056114,0.05,0.5,0.5,"normal",72,13
-0.0551488776768554,0.05,0.5,0.5,"normal",74,13
6.02844169625989e-05,0.05,0.5,0.5,"normal",74,13
0.1336028853518,0.05,0.5,0.5,"normal",74,13
-0.0272642723873842,0.05,0.5,0.5,"normal",74,13
-0.221452385648928,0.05,0.5,0.5,"normal",74,13
-0.104475260150289,0.05,0.5,0.5,"normal",74,13
0.0922548355361408,0.05,0.5,0.5,"normal",74,13
-0.15086903110715,0.05,0.5,0.5,"normal",74,13
0.0624395157441484,0.05,0.5,0.5,"normal",74,13
0.23016019054912,0.05,0.5,0.5,"normal",74,13
0.0360559356594575,0.05,0.5,0.5,"normal",74,13
-0.074105324177415,0.05,0.5,0.5,"normal",74,13
0.232487762221873,0.05,0.5,0.5,"normal",74,13
0.210045407674951,0.05,0.5,0.5,"normal",74,13
0.084460030286855,0.05,0.5,0.5,"normal",74,13
-0.0134530896710664,0.05,0.5,0.5,"normal",74,13
0.176239373989786,0.05,0.5,0.5,"normal",74,13
-0.048610997063104,0.05,0.5,0.5,"normal",74,13
-0.0535377935044787,0.05,0.5,0.5,"normal",74,13
0.120209090033556,0.05,0.5,0.5,"normal",74,13
-0.0339498379312974,0.05,0.5,0.5,"normal",74,13
0.118872061461823,0.05,0.5,0.5,"normal",74,13
0.157110430387752,0.05,0.5,0.5,"normal",74,13
-0.0307179524182199,0.05,0.5,0.5,"normal",74,13
0.0473955399005253,0.05,0.5,0.5,"normal",74,13
0.171150743300151,0.05,0.5,0.5,"normal",74,13
0.157851466845869,0.05,0.5,0.5,"normal",74,13
-0.010620821947658,0.05,0.5,0.5,"normal",74,13
-0.00447919930192336,0.05,0.5,0.5,"normal",74,13
0.227017026877894,0.05,0.5,0.5,"normal",74,13
-0.116942387979478,0.05,0.5,0.5,"normal",76,12
-0.0319975502381181,0.05,0.5,0.5,"normal",76,12
-0.0475639647041788,0.05,0.5,0.5,"normal",76,12
-0.0644068946006282,0.05,0.5,0.5,"normal",76,12
0.0183835931092892,0.05,0.5,0.5,"normal",76,12
-0.0664676642095713,0.05,0.5,0.5,"normal",76,12
0.00930840053621044,0.05,0.5,0.5,"normal",76,12
0.0046913390727576,0.05,0.5,0.5,"normal",76,12
0.156394959319556,0.05,0.5,0.5,"normal",76,12
-0.114593671994938,0.05,0.5,0.5,"normal",76,12
-0.091575509649842,0.05,0.5,0.5,"normal",76,12
0.124217212381546,0.05,0.5,0.5,"normal",76,12
0.0240111316574876,0.05,0.5,0.5,"normal",76,12
0.0636422315762012,0.05,0.5,0.5,"normal",76,12
0.0523525769704094,0.05,0.5,0.5,"normal",76,12
-0.0138352036442783,0.05,0.5,0.5,"normal",76,12
0.135002918008676,0.05,0.5,0.5,"normal",76,12
0.142799217404008,0.05,0.5,0.5,"normal",76,12
0.19154630202524,0.05,0.5,0.5,"normal",76,12
0.18312160530606,0.05,0.5,0.5,"normal",76,12
-0.064052049097024,0.05,0.5,0.5,"normal",76,12
-0.111690523629429,0.05,0.5,0.5,"normal",76,12
0.323074011088491,0.05,0.5,0.5,"normal",76,12
0.221278462326856,0.05,0.5,0.5,"normal",76,12
-0.00526067150521237,0.05,0.5,0.5,"normal",76,12
0.244847682726824,0.05,0.5,0.5,"normal",76,12
0.0878089996607634,0.05,0.5,0.5,"normal",76,12
-0.0900309831806932,0.05,0.5,0.5,"normal",76,12
-0.0290804524900887,0.05,0.5,0.5,"normal",76,12
0.274857211580554,0.05,0.5,0.5,"normal",76,12
-0.016047466502771,0.05,0.5,0.5,"normal",78,12
-0.094992580196743,0.05,0.5,0.5,"normal",78,12
0.188862652180412,0.05,0.5,0.5,"normal",78,12
0.134722047585878,0.05,0.5,0.5,"normal",78,12
-0.127657229473045,0.05,0.5,0.5,"normal",78,12
0.031244388862602,0.05,0.5,0.5,"normal",78,12
0.0740179214977511,0.05,0.5,0.5,"normal",78,12
0.022584714268794,0.05,0.5,0.5,"normal",78,12
0.0903409816465265,0.05,0.5,0.5,"normal",78,12
0.127090854682335,0.05,0.5,0.5,"normal",78,12
0.0499374779623122,0.05,0.5,0.5,"normal",78,12
0.0865779370946148,0.05,0.5,0.5,"normal",78,12
-0.0314193026169899,0.05,0.5,0.5,"normal",78,12
0.09885088369129,0.05,0.5,0.5,"normal",78,12
0.155406354046209,0.05,0.5,0.5,"normal",78,12
0.31839977964127,0.05,0.5,0.5,"normal",78,12
-0.0696792930753911,0.05,0.5,0.5,"normal",78,12
0.0995011508051832,0.05,0.5,0.5,"normal",78,12
0.0224290631535232,0.05,0.5,0.5,"normal",78,12
0.16190094507833,0.05,0.5,0.5,"normal",78,12
0.182362553307746,0.05,0.5,0.5,"normal",78,12
0.158498168113913,0.05,0.5,0.5,"normal",78,12
0.109689513457342,0.05,0.5,0.5,"normal",78,12
0.169742036801199,0.05,0.5,0.5,"normal",78,12
0.110251711859563,0.05,0.5,0.5,"normal",78,12
0.126924987893136,0.05,0.5,0.5,"normal",78,12
0.14940183964729,0.05,0.5,0.5,"normal",78,12
0.131413103204428,0.05,0.5,0.5,"normal",78,12
0.155253806771663,0.05,0.5,0.5,"normal",78,12
0.166347549297155,0.05,0.5,0.5,"normal",78,12
0.0165187763860578,0.05,0.5,0.5,"normal",80,11
0.190259237532467,0.05,0.5,0.5,"normal",80,11
-0.00462087320898401,0.05,0.5,0.5,"normal",80,11
0.135639723910901,0.05,0.5,0.5,"normal",80,11
0.134912510201412,0.05,0.5,0.5,"normal",80,11
0.0852604273955816,0.05,0.5,0.5,"normal",80,11
-0.0193357552592424,0.05,0.5,0.5,"normal",80,11
-0.0541793437330657,0.05,0.5,0.5,"normal",80,11
0.00346862925335569,0.05,0.5,0.5,"normal",80,11
-0.0268916946969595,0.05,0.5,0.5,"normal",80,11
0.11844705096642,0.05,0.5,0.5,"normal",80,11
-0.0276509219863276,0.05,0.5,0.5,"normal",80,11
0.0930420817209483,0.05,0.5,0.5,"normal",80,11
0.0740013089091879,0.05,0.5,0.5,"normal",80,11
0.0203894148829637,0.05,0.5,0.5,"normal",80,11
0.178634346396716,0.05,0.5,0.5,"normal",80,11
0.0624948262975993,0.05,0.5,0.5,"normal",80,11
0.331358079612718,0.05,0.5,0.5,"normal",80,11
0.0709051459121362,0.05,0.5,0.5,"normal",80,11
0.00965923117443281,0.05,0.5,0.5,"normal",80,11
0.0469674557520498,0.05,0.5,0.5,"normal",80,11
0.213550329504216,0.05,0.5,0.5,"normal",80,11
0.0476650413070712,0.05,0.5,0.5,"normal",80,11
-0.0773455013248161,0.05,0.5,0.5,"normal",80,11
-0.0823234451351918,0.05,0.5,0.5,"normal",80,11
0.0271285097505873,0.05,0.5,0.5,"normal",80,11
0.323465460126067,0.05,0.5,0.5,"normal",80,11
0.0408405234710406,0.05,0.5,0.5,"normal",80,11
-0.188318999073882,0.05,0.5,0.5,"normal",80,11
0.0209440724221994,0.05,0.5,0.5,"normal",80,11
